FirstName,LastName,Street,ZipCode,City,Country,Email,Phone
Marie,Muller,Boulevard Saint-Michel 5,13503,Paris,Germany,marie.muller@mail.com,+49610494723
Claire,Brown,Rue de la Paix 65,17662,Nice,France,claire.brown@yahoo.com,+33679089023
Anna,Bernard,Avenue Victor Hugo 176,87437,Nice,Italy,anna.bernard@hotmail.com,+39648869768
Luc,Bernard,Avenue Victor Hugo 162,40709,Rome,UK,luc.bernard@yahoo.com,+44620214982
John,Smith,Place de la République 90,54825,Paris,Spain,john.smith@yahoo.com,+34658405120
Luc,Garcia,Rue de la Paix 25,94581,Nice,Germany,luc.garcia@hotmail.com,+49670326111
Robert,Smith,Chemin Vert 192,95312,London,Germany,robert.smith@hotmail.com,+49692964362
Robert,Durand,Rue de la Paix 200,74842,Madrid,Germany,robert.durand@yahoo.com,+49625888265
Claire,Smith,Avenue Victor Hugo 13,67341,Toulouse,Germany,claire.smith@gmail.com,+49600181475
John,Dupont,Avenue Victor Hugo 86,24446,Toulouse,UK,john.dupont@mail.com,+44600235084
Luc,Smith,Place de la République 156,69358,Paris,France,luc.smith@mail.com,+33662146743
Sophie,Brown,Rue de la Paix 185,17786,Madrid,France,sophie.brown@mail.com,+33604938195
Marie,Rossi,Place de la République 146,37524,Rome,UK,marie.rossi@yahoo.com,+44656284412
Robert,Rossi,Place de la République 10,71122,Bordeaux,Italy,robert.rossi@hotmail.com,+39652800900
Alice,Dupont,Rue de la Paix 132,25639,Berlin,Germany,alice.dupont@mail.com,+49687869987
Sophie,Petit,Avenue Victor Hugo 153,80837,Lyon,Germany,sophie.petit@mail.com,+49629158090
Sophie,Smith,Rue de la Paix 137,26694,Paris,Italy,sophie.smith@yahoo.com,+39617202700
Jean,Muller,Chemin Vert 161,53377,Nice,France,jean.muller@gmail.com,+33684599293
Paul,Martin,Avenue Victor Hugo 185,55112,Nice,Italy,paul.martin@yahoo.com,+39682972766
Marie,Rossi,Avenue Victor Hugo 77,30877,Paris,UK,marie.rossi@mail.com,+44607543714
Claire,Muller,Chemin Vert 71,87377,Bordeaux,Germany,claire.muller@yahoo.com,+49644644109
Anna,Durand,Place de la République 189,14055,Bordeaux,Italy,anna.durand@gmail.com,+39668461961
Luc,Garcia,Place de la République 122,93261,Marseille,UK,luc.garcia@mail.com,+44602641165
John,Garcia,Rue de la Paix 160,26200,London,France,john.garcia@mail.com,+33662036605
Jean,Garcia,Boulevard Saint-Michel 165,74907,Madrid,Spain,jean.garcia@hotmail.com,+34611643107
Luc,Muller,Rue de la Paix 174,71988,Lyon,Italy,luc.muller@yahoo.com,+39601321296
Jean,Dupont,Chemin Vert 60,88018,Bordeaux,Spain,jean.dupont@hotmail.com,+34605892183
Claire,Rossi,Place de la République 127,31949,Paris,France,claire.rossi@mail.com,+33690957358
John,Rossi,Rue de la Paix 157,81637,Toulouse,Italy,john.rossi@hotmail.com,+39615858799
Robert,Martin,Boulevard Saint-Michel 124,28037,Rome,Germany,robert.martin@mail.com,+49607320162
Sophie,Dupont,Place de la République 174,40334,Bordeaux,Spain,sophie.dupont@mail.com,+34656926513
Jean,Martin,Avenue Victor Hugo 166,74031,Bordeaux,Germany,jean.martin@yahoo.com,+49642151701
Jean,Rossi,Rue de la Paix 23,31673,Berlin,Italy,jean.rossi@mail.com,+39693272175
Jean,Martin,Chemin Vert 197,96102,Marseille,France,jean.martin@gmail.com,+33679738727
John,Rossi,Chemin Vert 182,65454,Paris,Italy,john.rossi@gmail.com,+39608113582
John,Muller,Boulevard Saint-Michel 27,30997,Marseille,UK,john.muller@yahoo.com,+44676672442
Paul,Smith,Rue de la Paix 186,55002,Madrid,UK,paul.smith@gmail.com,+44668202828
Sophie,Dupont,Rue de la Paix 118,95261,Berlin,UK,sophie.dupont@yahoo.com,+44666613282
John,Smith,Place de la République 20,32695,Marseille,UK,john.smith@gmail.com,+44666803925
Luc,Muller,Avenue Victor Hugo 190,29111,Rome,France,luc.muller@mail.com,+33604360810
Marie,Brown,Rue de la Paix 147,89931,Nice,Spain,marie.brown@mail.com,+34679997918
Sophie,Dupont,Place de la République 107,85861,Madrid,Germany,sophie.dupont@gmail.com,+49674218382
Robert,Petit,Place de la République 200,60189,London,Spain,robert.petit@hotmail.com,+34677194898
Jean,Rossi,Chemin Vert 175,67581,Rome,France,jean.rossi@hotmail.com,+33656099528
Robert,Garcia,Rue de la Paix 126,91355,Bordeaux,Spain,robert.garcia@yahoo.com,+34680731824
Sophie,Muller,Rue de la Paix 74,32540,Nice,Italy,sophie.muller@mail.com,+39649342978
Claire,Rossi,Chemin Vert 124,76910,Nice,UK,claire.rossi@hotmail.com,+44678523733
Paul,Martin,Rue de la Paix 37,91873,Nice,UK,paul.martin@mail.com,+44624011257
Paul,Garcia,Place de la République 127,44182,Lyon,Spain,paul.garcia@mail.com,+34602134865
Robert,Smith,Place de la République 195,95309,Madrid,France,robert.smith@mail.com,+33618903326
Marie,Garcia,Rue de la Paix 14,61650,Bordeaux,France,marie.garcia@hotmail.com,+33666081541
Paul,Rossi,Avenue Victor Hugo 149,73665,Lyon,Italy,paul.rossi@gmail.com,+39664226011
Anna,Petit,Boulevard Saint-Michel 196,66543,Nice,France,anna.petit@hotmail.com,+33637570163
Marie,Smith,Chemin Vert 137,16247,Paris,UK,marie.smith@yahoo.com,+44641211209
Jean,Durand,Boulevard Saint-Michel 6,27153,Rome,Italy,jean.durand@mail.com,+39639937524
Anna,Smith,Rue de la Paix 200,46762,Lyon,UK,anna.smith@mail.com,+44674314656
Anna,Martin,Avenue Victor Hugo 9,64966,Bordeaux,Germany,anna.martin@mail.com,+49623655821
Sophie,Muller,Chemin Vert 5,79013,Bordeaux,France,sophie.muller@hotmail.com,+33608712415
Alice,Petit,Chemin Vert 41,37581,Madrid,Germany,alice.petit@mail.com,+49626342644
Sophie,Durand,Chemin Vert 74,51443,Rome,Germany,sophie.durand@yahoo.com,+49664252840
Claire,Brown,Boulevard Saint-Michel 167,81243,Bordeaux,Spain,claire.brown@gmail.com,+34677942513
Robert,Garcia,Avenue Victor Hugo 113,99505,Marseille,Germany,robert.garcia@mail.com,+49695987450
Claire,Muller,Boulevard Saint-Michel 18,38790,Lyon,UK,claire.muller@mail.com,+44685653601
Luc,Bernard,Boulevard Saint-Michel 158,34020,Madrid,Germany,luc.bernard@hotmail.com,+49637146960
Alice,Rossi,Rue de la Paix 160,36309,London,UK,alice.rossi@gmail.com,+44664627826
John,Petit,Avenue Victor Hugo 66,12390,Paris,France,john.petit@gmail.com,+33690351453
Sophie,Petit,Rue de la Paix 33,43110,Lyon,Germany,sophie.petit@hotmail.com,+49605023708
John,Dupont,Rue de la Paix 112,47704,Lyon,UK,john.dupont@yahoo.com,+44605602113
Luc,Garcia,Avenue Victor Hugo 117,16233,Toulouse,Germany,luc.garcia@gmail.com,+49649697312
John,Brown,Boulevard Saint-Michel 52,93506,Paris,Italy,john.brown@mail.com,+39619376500
Luc,Smith,Chemin Vert 88,93742,Toulouse,Spain,luc.smith@hotmail.com,+34609449239
Claire,Martin,Place de la République 38,54142,Berlin,Spain,claire.martin@yahoo.com,+34652788744
Marie,Muller,Avenue Victor Hugo 177,46752,Marseille,Spain,marie.muller@yahoo.com,+34699423657
Alice,Martin,Rue de la Paix 76,50085,Lyon,UK,alice.martin@hotmail.com,+44695163370
Alice,Muller,Chemin Vert 26,50874,London,UK,alice.muller@mail.com,+44673461710
Robert,Durand,Avenue Victor Hugo 152,98681,Toulouse,Italy,robert.durand@mail.com,+39601902462
Robert,Dupont,Boulevard Saint-Michel 84,77613,Nice,UK,robert.dupont@mail.com,+44640495547
Anna,Bernard,Place de la République 20,36360,Toulouse,UK,anna.bernard@yahoo.com,+44673523294
Alice,Martin,Chemin Vert 19,99795,Nice,Germany,alice.martin@mail.com,+49681214113
Marie,Martin,Boulevard Saint-Michel 11,41740,Madrid,France,marie.martin@hotmail.com,+33612144810
Jean,Smith,Avenue Victor Hugo 124,30416,Madrid,Germany,jean.smith@yahoo.com,+49639558816
John,Garcia,Boulevard Saint-Michel 15,29740,Lyon,France,john.garcia@yahoo.com,+33653259476
Anna,Smith,Place de la République 178,75579,Paris,Germany,anna.smith@yahoo.com,+49687901704
Paul,Bernard,Place de la République 172,45078,Nice,France,paul.bernard@mail.com,+33602466102
Anna,Garcia,Avenue Victor Hugo 76,83683,Madrid,UK,anna.garcia@hotmail.com,+44621961145
Robert,Durand,Boulevard Saint-Michel 112,64484,Toulouse,Spain,robert.durand@gmail.com,+34615352452
Marie,Durand,Place de la République 22,25191,Berlin,Italy,marie.durand@yahoo.com,+39615561324
John,Bernard,Avenue Victor Hugo 73,80095,Lyon,UK,john.bernard@yahoo.com,+44686220447
Paul,Smith,Place de la République 200,52976,Berlin,Germany,paul.smith@yahoo.com,+49661738489
Jean,Smith,Boulevard Saint-Michel 28,16212,Berlin,UK,jean.smith@mail.com,+44636104269
Anna,Smith,Chemin Vert 31,92359,Nice,Germany,anna.smith@hotmail.com,+49649400446
John,Rossi,Boulevard Saint-Michel 91,35082,Berlin,Spain,john.rossi@yahoo.com,+34686993817
Robert,Muller,Place de la République 72,61459,Toulouse,UK,robert.muller@yahoo.com,+44609630549
Sophie,Durand,Chemin Vert 67,29390,Bordeaux,Italy,sophie.durand@hotmail.com,+39634634947
Alice,Rossi,Avenue Victor Hugo 160,35784,Madrid,Italy,alice.rossi@yahoo.com,+39614677180
Marie,Brown,Boulevard Saint-Michel 165,14217,Paris,Spain,marie.brown@yahoo.com,+34695684448
Claire,Martin,Chemin Vert 182,38130,Marseille,Germany,claire.martin@mail.com,+49691289831
Jean,Brown,Chemin Vert 197,35713,London,Spain,jean.brown@mail.com,+34643919757
Anna,Garcia,Place De La République 52,47344,Paris,Germany,anna.garcia@yahoo.com,+49636302029
Jean,Bernard,Rue De La Paix 179,62720,Paris,Germany,jean.bernard@gmail.com,+49626382690
Luc,Petit,Place De La République 122,91550,Paris,Uk,luc.petit@yahoo.com,+44687166020
Paul,Brown,Place De La République 85,77486,Berlin,Italy,paul.brown@hotmail.com,+39671149758
Paul,Petit,Avenue Victor Hugo 23,99911,Toulouse,Germany,paul.petit@yahoo.com,+49639632531
Sophie,Garcia,Avenue Victor Hugo 110,44292,Madrid,Italy,sophie.garcia@yahoo.com,+39611053180
Luc,Durand,Chemin Vert 50,96292,Bordeaux,Germany,luc.durand@yahoo.com,+49617102154
Sophie,Brown,Chemin Vert 195,99005,Rome,Italy,sophie.brown@hotmail.com,+39619232885
Marie,Brown,Chemin Vert 118,60122,Bordeaux,Spain,marie.brown@gmail.com,+34693599682
Claire,Durand,Avenue Victor Hugo 102,82896,Bordeaux,Uk,claire.durand@gmail.com,+44696281276
Alice,Brown,Chemin Vert 55,86377,Lyon,France,alice.brown@yahoo.com,+33614305488
Anna,Muller,Avenue Victor Hugo 154,16534,Bordeaux,France,anna.muller@yahoo.com,+33621639477
John,Dupont,Avenue Victor Hugo 100,69229,Madrid,Uk,john.dupont@gmail.com,+44615186122
John,Rossi,Chemin Vert 80,50324,Bordeaux,Italy,john.rossi@mail.com,+39689186901
Claire,Garcia,Avenue Victor Hugo 149,31643,Paris,France,claire.garcia@hotmail.com,+33662285430
Anna,Rossi,Place De La République 101,62473,Nice,Italy,anna.rossi@mail.com,+39646128760
Robert,Smith,Avenue Victor Hugo 158,89865,Bordeaux,Spain,robert.smith@yahoo.com,+34620968169
Paul,Durand,Avenue Victor Hugo 148,13810,Nice,Spain,paul.durand@hotmail.com,+34605083998
Anna,Bernard,Avenue Victor Hugo 6,85614,Lyon,Uk,anna.bernard@gmail.com,+44665363031
Claire,Garcia,Avenue Victor Hugo 89,89565,Rome,Spain,claire.garcia@mail.com,+34606066094
Alice,Petit,Boulevard Saint-Michel 173,57813,Toulouse,Spain,alice.petit@yahoo.com,+34671422194
Luc,Dupont,Place De La République 78,70558,Lyon,Uk,luc.dupont@gmail.com,+44601465977
Paul,Bernard,Chemin Vert 179,44688,Bordeaux,Spain,paul.bernard@gmail.com,+34653777753
John,Durand,Chemin Vert 69,17632,London,Spain,john.durand@mail.com,+34656887599
Claire,Durand,Boulevard Saint-Michel 86,39772,Lyon,Italy,claire.durand@mail.com,+39665483007
Claire,Petit,Boulevard Saint-Michel 92,14185,Rome,France,claire.petit@hotmail.com,+33610686701
Alice,Dupont,Boulevard Saint-Michel 162,69752,Paris,Spain,alice.dupont@hotmail.com,+34644462680
Robert,Martin,Avenue Victor Hugo 188,23087,London,Uk,robert.martin@gmail.com,+44615141322
Alice,Martin,Place De La République 70,85633,Bordeaux,Germany,alice.martin@yahoo.com,+49605230956
Anna,Petit,Chemin Vert 101,99673,Toulouse,Italy,anna.petit@gmail.com,+39638499695
John,Bernard,Chemin Vert 73,15827,Nice,France,john.bernard@hotmail.com,+33603188941
Jean,Garcia,Avenue Victor Hugo 172,47658,London,Germany,jean.garcia@mail.com,+49614485096
Paul,Dupont,Avenue Victor Hugo 88,61632,Berlin,Italy,paul.dupont@hotmail.com,+39624006570
Paul,Muller,Boulevard Saint-Michel 191,22977,Nice,Spain,paul.muller@gmail.com,+34648013382
Sophie,Smith,Chemin Vert 9,72715,London,Germany,sophie.smith@hotmail.com,+49627481886
Paul,Durand,Place De La République 124,32742,Marseille,Uk,paul.durand@mail.com,+44689248040
Anna,Dupont,Rue De La Paix 23,78662,Marseille,Spain,anna.dupont@mail.com,+34641859737
Robert,Brown,Avenue Victor Hugo 66,85649,London,Uk,robert.brown@gmail.com,+44683609709
John,Brown,Chemin Vert 77,95771,Paris,France,john.brown@hotmail.com,+33607750598
Sophie,Muller,Place De La République 29,82460,London,Germany,sophie.muller@gmail.com,+49644108626
Marie,Dupont,Avenue Victor Hugo 144,13014,Berlin,Germany,marie.dupont@gmail.com,+49659520930
Alice,Garcia,Avenue Victor Hugo 130,28252,Paris,Uk,alice.garcia@mail.com,+44688066277
Jean,Smith,Place De La République 132,20286,London,France,jean.smith@gmail.com,+33625280892
Paul,Brown,Chemin Vert 43,21588,Rome,Germany,paul.brown@yahoo.com,+49652709485
Jean,Dupont,Boulevard Saint-Michel 29,45435,Lyon,France,jean.dupont@yahoo.com,+33650860602
Claire,Dupont,Rue De La Paix 5,79781,Marseille,Spain,claire.dupont@yahoo.com,+34659542301
Paul,Garcia,Rue De La Paix 1,37817,Lyon,Italy,paul.garcia@hotmail.com,+39675800880
Robert,Bernard,Rue De La Paix 175,65822,Nice,Uk,robert.bernard@mail.com,+44627120638
